{
  "num_delinquencies": 0.28602386987504375,
  "income_employment": 0.12741514446374608,
  "age": 0.11367860612332255,
  "income": 0.07659957011529608,
  "utilization_rate": 0.06658471024729529,
  "debt_to_income": 0.060729515233276354,
  "credit_history_length": 0.05403362062487997,
  "loan_amount": 0.048390992291674886,
  "payment_to_income": 0.039142785156093915,
  "loan_to_income": 0.03290464413211196,
  "credit_per_line": 0.03171981783804039,
  "home_ownership_encoded": 0.01424318729075437,
  "employment_length": 0.013321844399566995,
  "num_credit_lines": 0.013114788970392782,
  "loan_purpose_encoded": 0.010754317215236994,
  "age_group_encoded": 0.0076181514329735234,
  "income_bracket_encoded": 0.0037244345902941985
}