{
  "accuracy": 0.8157,
  "precision": 0.5518207282913166,
  "recall": 0.10478723404255319,
  "f1": 0.17612874385337504,
  "roc_auc": 0.7396034875799181,
  "pr_auc": 0.3842011460371293,
  "confusion_matrix": [
    [
      7960,
      160
    ],
    [
      1683,
      197
    ]
  ],
  "score_stats": {
    "mean": 747.7231,
    "std": 75.54425475434913,
    "min": 406.0,
    "max": 840.0
  }
}